{
  "exit_code": 0,
  "duration_s": 343.3,
  "token_usage": {
    "input": 44,
    "output": 16930,
    "cache_read": 1086770,
    "cache_create": 161612
  },
  "cost_usd": 1.9769300000000003,
  "num_turns": 32,
  "per_model_usage": {
    "claude-opus-4-6": {
      "input": 44,
      "output": 16930,
      "cache_read": 1086770,
      "cache_create": 161612,
      "cost_usd": 1.9769300000000003
    }
  },
  "per_model_turns": {
    "claude-opus-4-6": 32
  }
}
